{"cameraMode":{"drawMode":0,"name":"Shaded","section":"Shading Mode"},"sceneLighting":false,"audioPlay":false,"sceneViewState":{"showFog":true,"showMaterialUpdate":false,"showSkybox":true,"showFlares":true,"showImageEffects":true,"showParticleSystems":true},"in2DMode":false,"pivot":{"x":7.584251880645752,"y":1.1670000553131104,"z":3.6087658405303957},"rotation":{"x":-0.17405590415000916,"y":0.8200215101242065,"z":-0.3273462653160095,"w":-0.4360204041004181},"size":4.286824703216553,"orthographic":false}