{"cameraMode":{"drawMode":0,"name":"Shaded","section":"Shading Mode"},"sceneLighting":false,"audioPlay":false,"sceneViewState":{"showFog":true,"showMaterialUpdate":false,"showSkybox":true,"showFlares":true,"showImageEffects":true,"showParticleSystems":true},"in2DMode":false,"pivot":{"x":9.176368713378907,"y":1.1299999952316285,"z":-0.5841021537780762},"rotation":{"x":-0.17405590415000916,"y":0.8200215101242065,"z":-0.3273462653160095,"w":-0.4360204041004181},"size":2.8901097774505617,"orthographic":false}