{"cameraMode":{"drawMode":0,"name":"Shaded","section":"Shading Mode"},"sceneLighting":false,"audioPlay":false,"sceneViewState":{"showFog":true,"showMaterialUpdate":false,"showSkybox":true,"showFlares":true,"showImageEffects":true,"showParticleSystems":true},"in2DMode":false,"pivot":{"x":8.833464622497559,"y":1.1160000562667847,"z":0.9441336393356323},"rotation":{"x":-0.17405590415000916,"y":0.8200215101242065,"z":-0.3273462653160095,"w":-0.4360204041004181},"size":4.286825656890869,"orthographic":false}