{"cameraMode":{"drawMode":0,"name":"Shaded","section":"Shading Mode"},"sceneLighting":false,"audioPlay":false,"sceneViewState":{"showFog":true,"showMaterialUpdate":false,"showSkybox":true,"showFlares":true,"showImageEffects":true,"showParticleSystems":true},"in2DMode":false,"pivot":{"x":-19.021774291992189,"y":2.955070734024048,"z":19.388437271118165},"rotation":{"x":-0.17405590415000916,"y":0.8200215101242065,"z":-0.3273462653160095,"w":-0.4360204041004181},"size":13.271409034729004,"orthographic":false}