{"cameraMode":{"drawMode":0,"name":"Shaded","section":"Shading Mode"},"sceneLighting":false,"audioPlay":false,"sceneViewState":{"showFog":true,"showMaterialUpdate":false,"showSkybox":true,"showFlares":true,"showImageEffects":true,"showParticleSystems":true},"in2DMode":false,"pivot":{"x":7.9159650802612309,"y":1.1699999570846558,"z":5.914573669433594},"rotation":{"x":-0.17405590415000916,"y":0.8200215101242065,"z":-0.3273462653160095,"w":-0.4360204041004181},"size":4.286825656890869,"orthographic":false}